{
  "Delete User" : {
    "transaction" : "Delete User",
    "sampleCount" : 50,
    "errorCount" : 1,
    "errorPct" : 2.0,
    "meanResTime" : 925.1999999999998,
    "medianResTime" : 748.0,
    "minResTime" : 297.0,
    "maxResTime" : 2530.0,
    "pct1ResTime" : 1904.1,
    "pct2ResTime" : 2298.499999999999,
    "pct3ResTime" : 2530.0,
    "throughput" : 0.7762890279308792,
    "receivedKBytesPerSec" : 0.4729904788150724,
    "sentKBytesPerSec" : 0.13039229766026486
  },
  "Total" : {
    "transaction" : "Total",
    "sampleCount" : 200,
    "errorCount" : 6,
    "errorPct" : 3.0,
    "meanResTime" : 1034.9950000000006,
    "medianResTime" : 853.0,
    "minResTime" : 271.0,
    "maxResTime" : 3263.0,
    "pct1ResTime" : 1923.2,
    "pct2ResTime" : 2393.7499999999995,
    "pct3ResTime" : 3130.9500000000007,
    "throughput" : 2.632375587348803,
    "receivedKBytesPerSec" : 1.6864041708345945,
    "sentKBytesPerSec" : 0.48971440370112007
  },
  "Create User" : {
    "transaction" : "Create User",
    "sampleCount" : 50,
    "errorCount" : 1,
    "errorPct" : 2.0,
    "meanResTime" : 1035.74,
    "medianResTime" : 994.0,
    "minResTime" : 271.0,
    "maxResTime" : 2056.0,
    "pct1ResTime" : 1764.1,
    "pct2ResTime" : 1910.5499999999995,
    "pct3ResTime" : 2056.0,
    "throughput" : 0.7663305030193421,
    "receivedKBytesPerSec" : 0.5541976471737732,
    "sentKBytesPerSec" : 0.16613805827177147
  },
  "Update User" : {
    "transaction" : "Update User",
    "sampleCount" : 50,
    "errorCount" : 2,
    "errorPct" : 4.0,
    "meanResTime" : 1013.56,
    "medianResTime" : 770.5,
    "minResTime" : 330.0,
    "maxResTime" : 3132.0,
    "pct1ResTime" : 1748.6999999999998,
    "pct2ResTime" : 2699.8499999999995,
    "pct3ResTime" : 3132.0,
    "throughput" : 0.7645493745986116,
    "receivedKBytesPerSec" : 0.5465632072081715,
    "sentKBytesPerSec" : 0.16500528494755193
  },
  "Get Users" : {
    "transaction" : "Get Users",
    "sampleCount" : 50,
    "errorCount" : 2,
    "errorPct" : 4.0,
    "meanResTime" : 1165.48,
    "medianResTime" : 869.5,
    "minResTime" : 320.0,
    "maxResTime" : 3263.0,
    "pct1ResTime" : 2392.5,
    "pct2ResTime" : 2959.3499999999995,
    "pct3ResTime" : 3263.0,
    "throughput" : 0.7464692006807798,
    "receivedKBytesPerSec" : 0.3845774331163596,
    "sentKBytesPerSec" : 0.10715915283210414
  }
}